Diana,Lopez,diana@hola.com,47737489668,2017-05-30
Leta,Swaniawski,kolby@schoen.co,817-860-6506,2017-04-08
Dorothea,Luettgen,evan.gerlach@quitzon.io,1-408-529-4603 x72529,2016-12-29
Blanca,Donnelly,sherwood@dibbert.com,911.594.2331 x05507,2016-09-07
Jerrod,Schuppe,esther_conn@windlerdonnelly.com,632-271-6148,2016-08-14
Lisette,McKenzie,jalyn_schiller@lockman.io,1-594-517-1034 x5740,2016-12-28
Horacio,Bednar,angeline@kautzerkeler.net,1-825-961-3979 x7271,2017-02-27
Eva,Turcotte,abel.johnston@conroy.io,1-755-709-0589 x307,2016-09-10
Vicky,McClure,twila@gutkowski.info,930-863-2228,2016-06-23
Adrian,Ruecker,burley@cronin.name,456-567-3505,2017-03-30
Elinore,Dare,berta@kuvalisdenesik.info,(543) 675-6679 x9233,2016-06-25
June,Kassulke,kelsi@simonisfeest.info,333.321.5390,2017-02-07
Marcos,Hettinger,helmer@romaguerastreich.io,(683) 291-9796 x93633,2017-05-08
Easton,Cartwright,darrel.keeling@purdy.name,(850) 599-4793,2016-06-09
Eleanora,Nicolas,gilberto_skiles@kunzesmitham.org,608-535-7042 x6101,2017-03-14
